id,reference,prediction,ROUGE,BERTScore,Difference
10,Demande d'information sur une commande grands comptes. Transfert vers le service concerné.,Un représentant du Ministère des Affaires étrangères organise un séminaire à Paris et contacte la RATP pour obtenir des cartes de transport pour les participants.,0.0,0.7014,0.7014
135,Demande d'itinéraire gare de Drancy gare du Nord. Précision des explications suite à un précédent appel.,Un client confus sur l'interconnexion du RER B pour se rendre à Drancy est rassuré qu'il peut voyager directement depuis Bourg-la-Reine.,0.0455,0.7029,0.6575
29,Demande de renseignements sur l'achat de ticket pour des groupes scolaires. Transfert vers le service concerné.,Un représentant d'une association scolaire appelle pour comprendre la procédure de transport en commun pour les étudiants. L'agent propose une solution et transfère l'appel.,0.0851,0.7283,0.6432
68,appel erroné l'appelant ayant voulu joindre l'assurance maladie au 36 46 et ayant mal tapé le numéro,"Un client confond le service client de la RATP avec la Sécurité Sociale, concernant un problème de carte vitale aux Antilles.",0.0465,0.6603,0.6138
140,"aucun abonnement de la carte ImaginR par voie postale , seulement au guichet dans toutes les gares et stations",Un client a demandé un dossier Imagine+R par courrier. L'agent a expliqué que c'est impossible mais a fourni le numéro du service pour plus d'informations.,0.0417,0.6554,0.6138
58,"joindre la personne Ratp responsable des autorisations de prise de vue, communication de son numéro fixe et e-mail","Un client a appelé pour obtenir des informations de contact spécifiques, l'agent a fourni les informations nécessaires, résolvant le problème du client.",0.0851,0.6844,0.5993
32,circulation du T2,"Client s'informe sur le T+deux à Porte+de+Versailles. Agent confirme qu'il est en test, accessible après le 20 du mois. Problème résolu.",0.0645,0.6616,0.5971
171,"Demande de mise en relation avec le directeur de la ligne 86 pour une réclamation suite à un accident ""psychologique"". Transfert de l'appelante vers le service concerné.","Un client rapporte un incident psychologique causé par un chauffeur de bus épileptique, cherchant une résolution auprès du responsable de la ligne.",0.1538,0.7445,0.5907
105,itinéraire dans Paris centre avec sortie à la station de métro la plus proche d'une adresse donnée,Un client demande des directions pour se rendre à une adresse spécifique à Paris. L'agent fournit des informations détaillées sur le trajet en métro.,0.1277,0.7174,0.5897
20,Erreur d'appel. Appelant souhaitant joindre l'assurance maladie au 3646 et non la RATP au 3246.,"Un client confond le service client de la RATP avec la Sécurité Sociale, concernant un problème de carte vitale aux Antilles.",0.1,0.6887,0.5887
39,info sur l'existence d'un bus reliant le RER station Javel à une rue à Boulogne,"Un client demande comment se rendre à Boulogne-Billancourt depuis la station Javel sans métro. L'agent suggère le bus 72, résolvant le problème.",0.1429,0.7315,0.5886
168,Demande de renseignements au sujet d'une relance de paiement d'amende déjà réglée. Transfert vers le service concerné.,Une cliente confondue par une amende majorée malgré un paiement initial contacte un centre d'appel pour clarification et exprime sa frustration sur un rappel manqué.,0.1224,0.7098,0.5873
73,"demande d'infos sur numéro de PV, transfert au service central pour suite dialogue",Un client cherche le numéro d'infraction d'une amende non reçue. L'appel est transféré au centre de paiement RATP sans résolution finale.,0.1395,0.7234,0.5838
145,demande correspondance bus pour joindre sortie RER et une rue à Boulogne,"Un client demande comment se rendre à Boulogne-Billancourt depuis la station Javel sans métro. L'agent suggère le bus 72, résolvant le problème.",0.1053,0.6848,0.5796
193,"Demande d'informations pour commander des tickets pour une sortie scolaire. Tentative de mise en relation avec le service des grands comptes, mais service indisponible. Proposition de rappeler plus tard.",Un représentant scolaire commande 200 tickets de métro pour Paris. Des problèmes surviennent concernant le paiement à distance et l'obtention d'un tarif réduit.,0.1379,0.7145,0.5766
209,"navigo perdu puis retrouvé, devait expirer, peut-on le recharger, un courrier aurait dû être envoyé, simplement demander à un guichet, s'il n'avait pas été déclaré perdu",Une étudiante a appelé pour des informations sur le rechargement de son passe Navigo. L'agent a expliqué le processus et résolu son problème.,0.0727,0.6424,0.5697
163,Demande de correspondance en bus entre le RER et la rue Vauthier à Boulogne.,"Un client demande comment se rendre à Boulogne-Billancourt depuis la station Javel sans métro. L'agent suggère le bus 72, résolvant le problème.",0.15,0.7188,0.5688
54,"Demande d'information sur la tarification de la carte orange. Pas le bon service, appeler le 3246 pour être renseigné.",Un client appelle le mauvais service de la RATP pour des informations tarifaires. L'agent l'oriente vers le bon numéro. Problème non résolu.,0.1702,0.7383,0.5681
96,"commande groupée pour une école, vérification du montant minimal requis pour la prise en charge VGC et tentative de transfert mais service indisponible",Un représentant scolaire commande 200 tickets de métro pour Paris. Des problèmes surviennent concernant le paiement à distance et l'obtention d'un tarif réduit.,0.1132,0.681,0.5678
184,La cliente veut savoir comment recharger son pass Imaginaire. L'agent lui dit de se rendre à  un guichet pour vérifier que sa carte est rechargeable.,Une étudiante a appelé pour des informations sur le rechargement de son passe Navigo. L'agent a expliqué le processus et résolu son problème.,0.1923,0.7594,0.5671
28,Le client a une carte émeraude avec un coupon de grauité qui a été avalé par la machine à  la station la défense. Il a écrit au service réclamation et attend une réponse depuis 3 semaines. L'agent lui répond que ce délais est normal mais n'arrive pas à  contacter le service réclamation. Il faudra que le client rappelle dans une semaine. Le coupon sera renvoyé à  sa mairie.,Un ancien combattant a perdu sa carte Émeraude RATP. L'agent l'a conseillé sur le processus de réclamation et les prochaines étapes à suivre.,0.1633,0.7276,0.5643
5,Demande d'indemnisation du au grève. Appeler plus tard pour avoir plus d'informations.,"Un client demande des informations sur la compensation suite à des grèves perturbant ses voyages, mais l'agent ne peut fournir de détails concrets.",0.15,0.7064,0.5564
147,La cliente veut contacter la personne responsable des autorisations de prise de vue. L'agent lui donne son numéro de téléphone et son mail.,"Un client a appelé pour obtenir des informations de contact spécifiques, l'agent a fourni les informations nécessaires, résolvant le problème du client.",0.1852,0.7404,0.5552
119,"lequel des bus 154 faut-il prendre pour descendre à une station donnée, en fait c'est un vieux plan et les antennes n'existent plus, il n'y a qu'un seul bus, indication du meilleur itinéraire possible qui utilise en fait un autre bus",Un client confus sur l'itinéraire du bus 154 reçoit des conseils pour atteindre l'hôpital Moulins Gémeaux à Saint-Denis via le bus 255.,0.1067,0.6613,0.5547
107,"demande procédure pour remboursement suite à achat tickets car envoi tardif du passe ImaginR, attente au-delà de 3 semaines donc possible, appeler ImaginR ou par mail",Un client cherche un remboursement pour une carte Orange achetée suite au retard de sa carte Imagine+R. L'agent suggère de contacter Imagine+R pour une solution.,0.1404,0.6949,0.5546
84,"Demande d'information sur l'existence de plusieurs lignes de bus 154 (A, B, C). Une seule ligne existante à ce jour. Réalisation d'un meilleur  itinéraire.",Un client confus sur l'itinéraire du bus 154 reçoit des conseils pour atteindre l'hôpital Moulins Gémeaux à Saint-Denis via le bus 255.,0.1429,0.6967,0.5539
101,La cliente fait une réclamation pour choc psychologique suite à  une crise d'épilépsie du chauffeur de la ligne 86 le 9 novembre à  19h au pont de Sully. L'agent contacte le service concerné pour obtenir le responsable de la ligne et le passer à  la cliente.,"Un client rapporte un incident psychologique causé par un chauffeur de bus épileptique, cherchant une résolution auprès du responsable de la ligne.",0.2254,0.779,0.5537
200,"Demande de renseignements sur la perte d'une carte émeraude. Réception de la plainte, attendre la prise en charge de la perte par les services.",Un ancien combattant a perdu sa carte Émeraude RATP. L'agent l'a conseillé sur le processus de réclamation et les prochaines étapes à suivre.,0.1569,0.7079,0.551
186,"Demande de renseignements sur la perte de documents médicaux dans le bus 27 en direction de Saint Lazare. Non retrouvé, communication de l'adresse du centre des objets trouvés.","Un client a perdu un porte-document dans un autobus; malgré les recherches de l'agent, l'objet n'a pas été retrouvé. Le problème reste non résolu.",0.1639,0.7124,0.5484
85,Demande de remboursement d'une carte navigo à cause d'une jambe cassée. Proposition de suspension de passe seulement en agence. Communication de l'adresse et du numéro de téléphone pour le remboursement.,Un client blessé cherche un remboursement pour son abonnement Navigo inutilisé. L'agent l'oriente vers le service de gestion de la carte Intégrale.,0.1639,0.712,0.5481
188,"ligne Rer B est-elle fermée, non, peu de trains, comment faire Arcueil-Gare du Nord, itinéraire par bus, précisions sur grève","Un client s'inquiète de l'impact d'une grève sur son trajet et son abonnement RER, l'agent propose des alternatives mais ne peut confirmer la reprise du service.",0.1034,0.6516,0.5481
136,"réclamation sur les incohérences dans l'information sur la grève RER B, conversation dégénérant en monologue puis insultes",Une utilisatrice du RER B exprime son mécontentement face aux retards causés par les grèves et le manque d'informations. L'agent n'apporte pas de solution satisfaisante.,0.1455,0.6929,0.5475
180,Demande de renseignements sur le temps de trajet sur la ligne 65 à une heure donnée étant donné qu'il y a des travaux. Aucun problème lié au travaux. Proposition d'un autre itinéraire en métro.,"Un client s'inquiète du temps de trajet en bus d'Aubervilliers à Saint-Claude en raison de travaux. Après discussion, il décide de partir plus tôt.",0.1449,0.6919,0.5469
137,"itinéraire Gare du Nord vers Drancy, prendre le RER B car sur cette direction pas de souci, et remarque sur la manière dont l'appelante précédente a compris la réponse du conseiller",Un client confus sur l'interconnexion du RER B pour se rendre à Drancy est rassuré qu'il peut voyager directement depuis Bourg-la-Reine.,0.1639,0.7106,0.5467
156,"Carte ImaginR oubliée à un guichet. Contact avec le guichet concerné. Carte retrouvée, à récupérer.",Un client a perdu sa carte Imagine+R à l'arrêt de métro Richelieu-Drouot. L'agent a confirmé sa récupération et conseillé au client de se présenter avec une pièce d'identité.,0.1455,0.6916,0.5461
176,"La cliente demande s'il y a des trains sur le RER B en raison des grêves. L'agent répond qu'il y a huit trains sur la ligne. Ensuite, la cliente demande comment aller d'Arcueil Laplace à  Gare du Nord le lendemain matin. L'agent répond qu'il faut prendre le bus 57 direction Porte Bagnolet jusqu'à  Place d'Italie, puis la ligne 5 direction Bobigny jusqu'à  Gare du Nord. Enfin, la cliente se plein des grêves.","Un client s'inquiète de l'impact d'une grève sur son trajet et son abonnement RER, l'agent propose des alternatives mais ne peut confirmer la reprise du service.",0.1404,0.6862,0.5459
94,"demande de remboursement d'une amende pour non possession du titre de transport dans le métro car l'appelant l'avait oublié, indication que c'est à titre exceptionnel et au cas par cas, ainsi que l'adresse et les documents à y envoyer",Un client cherche à se faire rembourser une amende reçue malgré son abonnement valide. L'agent lui donne les instructions pour une demande de remboursement.,0.1471,0.6926,0.5455
8,Demande de renseignement sur l'éligibilité aux tarifs préférentiels pour la famille d'un travailleur RATP.,"Une femme se renseigne sur les réductions de transport liées à l'emploi de son mari à la RATP. L'agent confirme la possibilité, explique la procédure et les restrictions.",0.2041,0.7476,0.5436
62,"passe navigo Solidarité transport perdu dans bus 113, appel centrebus, carte retrouvée, aller la chercher avant 20 heures",Un client a perdu sa carte de transport. L'agent a localisé la carte et a informé le client qu'il peut la récupérer à un terminus de bus spécifique.,0.1176,0.6607,0.5431
90,Demande de renseignements suite à un oubli de changement de coordonnées bancaires pour un passe Navigo. Se rendre en agence pour effectuer le changement immédiatement.,"Un client a réactivé son passe Navigo avec des coordonnées bancaires obsolètes. L'agent a suggéré des solutions, le client choisit d'aller en agence.",0.2182,0.7612,0.543
9,La cliente veut se rendre au 30 rue de Reuilly et veut savoir quel métro prendre. L'agent lui dit de prendre les métros 1 ou 8. Puis la cliente veut savoir quelle sortie prendre. L'agent lui dit qu'elle peut prendre n'importe quelle sortie.,Un client demande des directions pour se rendre à une adresse spécifique à Paris. L'agent fournit des informations détaillées sur le trajet en métro.,0.1842,0.7266,0.5424
138,"pour vérifier qu'une carte d'agent retraité est encore valable, suite à réception de la nouvelle carte de transport accompagnée de l'instruction de demander son renouvellement par écrit en cas de changement",Une femme âgée appelle pour comprendre le renouvellement de sa carte de transport RATP. L'agent explique la différence entre la carte de transport et la carte d'agent retraité.,0.2059,0.7455,0.5396
110,Demande de renseignements suite à la procédure suivi après la réception d'un courrier d'amende. Transfert vers le service concerné.,"Une cliente conteste une amende de bus due à un problème de passe Navigo, malgré l'envoi de justificatifs. Elle est redirigée vers le service de paiement.",0.1961,0.7346,0.5385
59,"véritable état du trafic RER B, la fréquence annoncée n'étant pas constatée, pas possible d'en dire plus que sur le site, indication cependant du prochain train en temps réel en direction de Massy, mais pas possible de donner une fréquence par la suite, rappeler juste avant le train désiré pour le temps réel","Un client frustré par l'inexactitude des informations de trafic du RER B appelle pour des clarifications, mais l'agent ne peut pas résoudre le problème.",0.1319,0.6693,0.5374
103,"demande de précisions sur la tarification du métro, mais l'appelant, un particulier, est passé directement par le numéro VGC, refus du conseiller de le prendre en charge comme grand compte, indication du numéro 3246 pour qu'il rappelle",Un client appelle le mauvais service de la RATP pour des informations tarifaires. L'agent l'oriente vers le bon numéro. Problème non résolu.,0.1714,0.7076,0.5362
49,"Demande de renseignement sur l'état du trafic du RER B. Demande d'itinéraire entre Arcueil Laplace et gare du Nord sans passer par le RER. Prendre le bus 57 direction Porte de Bagnolet jusqu'à la Place d'Italie, puis la ligne 5 direction Bobigny jusqu'à la gare du Nord. Plainte de l'appelante suite aux mouvements de grèves.","Un client s'inquiète de l'impact d'une grève sur son trajet et son abonnement RER, l'agent propose des alternatives mais ne peut confirmer la reprise du service.",0.1505,0.6866,0.5361
166,"demande de précisions suite à prélèvement supérieur à la normale pour un abonnement ImaginR, indication du numéro direct à appeler","Un client a appelé pour un prélèvement incorrect sur son abonnement Imagine+R, l'agent l'a orienté vers le service concerné pour résolution.",0.1633,0.6982,0.5349
201,Demande des pièces à fournir pour l'obtention d'une carte orange.,"Un stagiaire à Paris a été informé sur les documents nécessaires pour obtenir une carte Orange, y compris une attestation d'hébergement. Problème résolu lors du premier appel.",0.186,0.7205,0.5344
155,"rappel pour une relance de paiement alors que l'amende est réglée, le CRI devait rappeler, transfert direct au CRI",Une cliente confondue par une amende majorée malgré un paiement initial contacte un centre d'appel pour clarification et exprime sa frustration sur un rappel manqué.,0.1633,0.6964,0.5332
83,Demande de renseignements sur l'existence d'un tarif spécial pour les demandeurs d'emploi. Pas de réduction chômeur. Se rendre en agence pour créer le passe immédiatement.,Un demandeur d'emploi en formation se renseigne sur un tarif de transport adapté. L'agent propose le passe Navigo Orange et explique les conditions d'obtention.,0.2333,0.7664,0.5331
74,"papiers importants et nécessaires ( ordonnance médicale ) perdus,,questions et réponse rapide , objet non retrouvé, conseil donné","Une femme âgée a appelé la RATP pour signaler un sac perdu contenant des documents médicaux importants, mais malheureusement, il n'a pas été retrouvé.",0.1304,0.6631,0.5327
16,"Demande d'informations pour les modalités d'achat pour un voyage scolaire sur Paris avec un forfait Parsi visite. Pas de réservation possible, se rendre directement en agence pour acheter les tickets.",Un groupe scolaire prévoit un voyage à Paris et l'agent RATP conseille d'acheter les tickets et cartes Paris+Visite sur place.,0.2105,0.7415,0.531
97,"l'interconnexion RER B est-elle rétablie, oui, mais selon l'appelante ce n'était pas le cas, complainte amiable sur la situation difficile générée par la grève",Un client interroge l'état de l'interconnexion du réseau B. L'agent confirme sa réparation mais ne peut expliquer les problèmes de terminus rencontrés le matin.,0.1875,0.7183,0.5308
11,Radiographies et ordonnances perdues dans le métro. Non retrouvées.,"Une femme âgée a appelé la RATP pour signaler un sac perdu contenant des documents médicaux importants, mais malheureusement, il n'a pas été retrouvé.",0.1579,0.6879,0.53
122,"aucune information, grève ,  impossible de donner un renseignement avec certitude","Un représentant du Novotel Paris les Halles demande la fréquence des RER B, mais l'agent ne peut fournir l'information, surtout pendant une grève.",0.1538,0.6823,0.5284
42,"protocole pour organiser les réservations de transport de nombreux groupes de classes sur toute l'année en achats groupés, explications et transfert au service VGC pour le prendre en charge dorénavant",Un représentant d'une association scolaire appelle pour comprendre la procédure de transport en commun pour les étudiants. L'agent propose une solution et transfère l'appel.,0.1538,0.6805,0.5266
207,"première commande grands comptes de titres de transport pour une semaine pour une cinquantaine de personnes, transfert au service concerné",Un représentant du Ministère des Affaires étrangères organise un séminaire à Paris et contacte la RATP pour obtenir des cartes de transport pour les participants.,0.1633,0.6889,0.5257
111,"passe navigo laissé à un guichet d'achat, contact de la caisse, passe retrouvé à récupérer",Un client a perdu sa carte Imagine+R à l'arrêt de métro Richelieu-Drouot. L'agent a confirmé sa récupération et conseillé au client de se présenter avec une pièce d'identité.,0.1481,0.6735,0.5254
57,"Demande de renseignements sur le remboursement d'une amende pour absence de titre de transport (oublié). Remboursement exceptionnel, communication des coordonnées du service concerné et des pièces à fournir.",Un client cherche à se faire rembourser une amende reçue malgré son abonnement valide. L'agent lui donne les instructions pour une demande de remboursement.,0.2182,0.7427,0.5245
63,Ancien retraité de la RATP souhaitant faire bénéficier sa compagne des tarifs réduits. Démarche possible avec une déclaration sur l'honneur. Indication des pièces à fournir.,Un ancien employé de la RATP obtient une réduction tarifaire pour son amie non-officielle et est dirigé vers la caisse de retraite pour des questions de pension.,0.2,0.7245,0.5245
116,"Demande de la durée de voyage entre le RER B de croix de berny et l'aéroport Charles De Gaulle. Communication des horaires en temps normal, risque de reconduite du mouvement social, rappeler plus tard pour plus d'informations.","Un client demande des informations sur un trajet en RER. L'agent fournit les détails, mentionne une grève potentielle et conseille de vérifier plus tard.",0.1739,0.6975,0.5236
181,"La cliente a payé un ticket Orlyval et voudrait être remboursée car elle estime que le service n'a pas été rendu dans le contexte des grèves. Comme le billet a été validé, l'agent lui dit de contacter le service Clientèle d'Orlyval et lui donne les coordonnées.",Une cliente mécontente demande un remboursement pour un trajet Orlyval interrompu par une grève. L'agent l'oriente vers le Service Clientèle pour réclamation.,0.2469,0.7703,0.5234
79,"Demande de dossier pour carte ImaginR. Pas d'envoi possible, dossiers disponibles dans tous les guichets.",Un client a demandé un dossier Imagine+R par courrier. L'agent a expliqué que c'est impossible mais a fourni le numéro du service pour plus d'informations.,0.1739,0.6968,0.5229
150,"pour obtenir par fax une attestation de renouvellement de la carte Intégrale, pas possible, aller en agence ou appeler le gestionnaire, indication du numéro","Un client insiste pour renouveler son contrat Navigo par téléphone, l'agent le redirige vers l'agence commerciale et le gestionnaire de carte pour assistance.",0.1887,0.7108,0.5221
46,"comptable demandant des précisions sur le zonage des cartes navigo intégrale pour la paie de son entreprise, les zones 7 et 8 sont intégrées dans la zone 6 dorénavant","Un client a besoin d'aide pour mettre à jour les tarifs de carte Intégrale dans son logiciel de paye, l'agent explique les changements de zones.",0.1967,0.7185,0.5218
175,Demande de renseignements sur la signification des zones de transport.,Un client s'est renseigné sur les zones des cartes Orange Découverte à Paris. L'agent a expliqué le système de zones et confirmé la mobilité.,0.2162,0.7359,0.5196
157,Demande d'attestation de paiement pour un passe navigo. Se rendre en agence et le demander directement.,Une jeune travailleuse perd son reçu de paiement Navigo. L'agent de la mission locale conseille d'obtenir un duplicata à une agence commerciale. Problème résolu.,0.1778,0.6955,0.5177
142,"demande d'indications pour régulariser une situation où l'abonnement Imagin'R a été prélevé alors que la carte n'était pas encore utilisable, et ce pendant plus de 3 semaines, donc indication des coordonnées d'Imagin'R pour leur écrire une réclamation, après nombreuses explications du conseiller",Un client contacte le service client pour résoudre un problème de facturation avec la carte Imagine+R de sa fille. L'agent fournit des conseils pour contacter Imagine+R directement.,0.1882,0.7028,0.5146
77,Demande de renseignements sur le rétablissement de l'interconnexion RER B. Interconnexion rétabli. Plainte de l'appelante.,Un client interroge l'état de l'interconnexion du réseau B. L'agent confirme sa réparation mais ne peut expliquer les problèmes de terminus rencontrés le matin.,0.24,0.7501,0.5101
211,Demande d'itinéraire porte de Saint-Cloud Clichy-sous-Bois. Proposition d'un itinéraire avec de nombreux changements.,"Un client cherche un itinéraire pour Clichy-sous-Bois. L'agent propose un trajet complexe incluant métro, RER, tram et bus. Le client doit encore localiser le théâtre.",0.2353,0.744,0.5087
71,Demande du nom d'un arrêt de bus pour une adresse donnée à Vitry.,"Un client cherche la station de bus la plus proche de la rue Jules Regnault à Vitry-sur-Seine, qui est Grimau-Voie Verte.",0.2105,0.7186,0.5081
125,Demande de renseignements sur le fonctionnement de la ligne 486 suite à un mouvement de grève. Communication du numéro de téléphone de la ligne concernée.,"Un client cherche des informations sur une grève de bus. L'agent ne sait pas, mais donne le numéro d'Athis Cars pour plus de détails.",0.2069,0.7146,0.5077
198,"La cliente voudrait connaître le trafic sur le RER B. Elle n'est pas du tout satisfaire puisqu'il est annoncé 3 trains sur 4, mais il y en a moins. L'agent lui propose de rappeler 15 minutes avant son départ pour savoir oà¹ se situe le prochain train qui l'intéresse.","Un client frustré par l'inexactitude des informations de trafic du RER B appelle pour des clarifications, mais l'agent ne peut pas résoudre le problème.",0.1905,0.6975,0.507
30,Demande de suspension d'abonnement navigo suite à un arrêt de travail. Communication des pièces à fournir et de l'adresse où envoyer la requête.,Un client souhaite suspendre son abonnement Navigo pour cause de maladie. L'agent explique la procédure de remboursement et suggère de tenter malgré le délai dépassé.,0.1786,0.6854,0.5068
190,"Demande d'information sur le fonctionnement courant du bus 125, prochain passage dans une dizaine de minutes.","Un client s'inquiète de l'absence du bus 125, l'agent confirme une grève mais assure qu'un bus arrivera dans dix minutes.",0.2326,0.7394,0.5068
121,"pochette d'inscription en fac peut-être perdue il y a une semaine dans le bus 38, interrogation réseau et contact dépôt, non retrouvé","Un client a signalé la perte d'un dossier d'inscription universitaire dans un bus, mais l'agent n'a pas pu le retrouver lors de l'appel.",0.1818,0.688,0.5062
34,"demande de mise en relation avec le CRI suite à la relance pour paiement d'un PV infligé à un possesseur de carte Imagin'R l'ayant oublié ce jour-là et ayant déjà envoyé un courrier avec tous les justificatifs, transfert au CRI","Un client conteste une amende de transport pour son fils, malgré une carte Imagine+R annuelle. L'appel est transféré pour résolution approfondie.",0.1765,0.6822,0.5057
153,"signalement de problèmes récurrents de régularité sur le bus 267, proposition de mise en relation avec le service clientèle de la ligne, injoignable, essai d'autres numéros plus haut placés, injoignables, proposition d'écrire à l'adresse du centre bus ainsi que de passer par le site web pour laisser un e-mail","Un client signale des problèmes d'horaires sur la ligne de bus 267, affectant les usagers. Malgré des tentatives, le problème reste non résolu.",0.1882,0.6935,0.5053
167,"Demande d'attestation d'abonnement navigo intégrale. Se rendre en agence commerciale, communication du numéro de téléphone du service concerné.","Le client demande une attestation d'abonnement pour remboursement par son employeur. L'agent propose deux solutions, le client choisit d'appeler un numéro spécifique.",0.2353,0.7398,0.5045
130,"trafic ligne B4 pour demain matin, pas encore connu après 20h, actuellement 3 trains sur 4","Un client a appelé pour connaître le trafic sur la ligne B quatre, l'agent a fourni des informations actuelles et promis des détails supplémentaires après une réunion.",0.16,0.6634,0.5034
52,Demande de renseignement sur le fonctionnement des lignes 189 et 126. Trafic normal sur ces deux lignes.,Une femme âgée s'informe sur le fonctionnement de deux lignes de bus en raison d'une possible grève. L'agent confirme leur fonctionnement normal.,0.2273,0.7306,0.5033
4,"Demande d'une attestation de renouvellement de carte navigo intégrale. Se rendre en agence ou appeler le gestionnaire carte intégrale, communication du numéro.","Un client insiste pour renouveler son contrat Navigo par téléphone, l'agent le redirige vers l'agence commerciale et le gestionnaire de carte pour assistance.",0.2264,0.7288,0.5024
183,"appel de station métro pour vérifier validité d'un passe navigo détériorié, vérification par le conseiller, le passe est valide donc le remplacer",Un agent de la station Saint-Paul signale une carte Imagine+R défectueuse. L'agent du centre d'appel confirme l'échange possible selon la procédure pour passe détérioré.,0.1967,0.6987,0.502
99,"changement de coordonnées bancaires, problème pour un navigo Intégrale, proposition passer en agence, plus rapide","Un client a réactivé son passe Navigo avec des coordonnées bancaires obsolètes. L'agent a suggéré des solutions, le client choisit d'aller en agence.",0.2128,0.714,0.5012
89,"demande de réclamation à un directeur pour traumatisme psychologique suite à la crise d'épilepsie d'un chauffeur de bus, transfert de l'appelante au centre bus concerné","Un client rapporte un incident psychologique causé par un chauffeur de bus épileptique, cherchant une résolution auprès du responsable de la ligne.",0.2745,0.7752,0.5007
75,itinéraire vers une adresse de Paris centre en partant d'un arrêt du bus 102,Un retraité de la RATP a demandé comment se rendre à la rue Taclet à Paris en bus. L'agent lui a fourni des instructions détaillées.,0.186,0.6865,0.5004
2,"pour recevoir par courrier un dossier d'abonnement ImaginR, normalement pas d'envoi, aller en guichet, mais communication numéro ImaginR",Un client a demandé un dossier Imagine+R par courrier. L'agent a expliqué que c'est impossible mais a fourni le numéro du service pour plus d'informations.,0.1961,0.6959,0.4998
199,"objet trouvé documents médicaux avec nom, pas retrouvé. agent erroné...","Un client a perdu un porte-document dans un autobus; malgré les recherches de l'agent, l'objet n'a pas été retrouvé. Le problème reste non résolu.",0.1463,0.6458,0.4994
27,"retraité Ratp souhaitant faire bénéficier sa concubine d'une réduction sur les titres de transport, contact service concerné pour savoir si c'est possible, oui, indication pièces à fournir qu'en fait l'appelant connaissait déjà ayant le formulaire",Un ancien employé de la RATP obtient une réduction tarifaire pour son amie non-officielle et est dirigé vers la caisse de retraite pour des questions de pension.,0.1667,0.6627,0.496
3,Demande d'itinéraires pour aller au 64 rue de Belleville en partant du 37 boulevard de Charonne. Prendre la ligne 2 direction Porte Dauphine et descendre à la station Couronne.,"Un client a demandé des directions pour se rendre à Paris, l'agent a suggéré la ligne 2 du métro, résolvant l'appel.",0.1818,0.6773,0.4954
61,"Demande d'information sur l'état du trafic sur la ligne B 4. Communication de l'état actuel, mais impossible de donner l'état futur du trafic.","Un client a appelé pour connaître le trafic sur la ligne B quatre, l'agent a fourni des informations actuelles et promis des détails supplémentaires après une réunion.",0.2333,0.7278,0.4945
102,"possibilité suspendre ou rembourser abonnement navigo suite à arrêt de travail, indication conditions, le faire suspendre en agence et indication justificatifs et adresse où les envoyer",Un client souhaite suspendre son abonnement Navigo pour cause de maladie. L'agent explique la procédure de remboursement et suggère de tenter malgré le délai dépassé.,0.1786,0.6711,0.4925
208,"La cliente veut joindre le centre de recouvrement. Elle ne comprend pas pourquoi elle a reçu une relance pour un PV que son fils a eu, alors qu'elle a déjà  prouvé au centre de paiement que son fils a la carte Imagin'R à  l'année.","Un client conteste une amende de transport pour son fils, malgré une carte Imagine+R annuelle. L'appel est transféré pour résolution approfondie.",0.2432,0.7349,0.4917
196,Demande d'itinéraire entre Denfert-Rochereau et rue d'Assas. Proposition et précision pour rejoindre la destination souhaitée.,Un agent guide un client de Denfert-Rochereau à la rue d'Assas à Paris en utilisant le bus 68 et donne des instructions de marche détaillées.,0.25,0.7403,0.4903
160,"gant perdu dans le bus 289, non retrouvé",Un client a signalé la perte d'un gant dans un bus. L'agent n'a pas trouvé le gant dans les objets trouvés. Le client a accepté la situation.,0.1538,0.6429,0.4891
132,"bénéficiaire de la carte Solidarité transports désirant donc résilier son abonnement à la carte Intégrale, se rendre en agence commerciale","Un client a appelé pour résilier sa carte Navigo Intégrale, l'agent l'a guidé à travers le processus et a résolu son problème.",0.1961,0.6838,0.4877
123,"Demande d'itinéraire Estienne d'orves Orly pour une heure donnée. Etude de différents itinéraires via bus, metro, car AirFrance.",Un client cherche le meilleur itinéraire pour aller à l'aéroport d'Orly depuis Clamart. L'agent propose une solution simple et satisfaisante.,0.2083,0.6954,0.4871
38,"résilier ou suspendre un navigo annuel suite à accident limitant déplacements, aller en agence, indication numéro du service gestion et justificatifs à fournir",Un client blessé cherche un remboursement pour son abonnement Navigo inutilisé. L'agent l'oriente vers le service de gestion de la carte Intégrale.,0.1633,0.6494,0.4862
25,Demande d'itinéraire entre Boulevard Verdun et la rue Victor Musso à Fontenay-sous-Bois.,"L'agent aide le client à trouver l'itinéraire de bus approprié à Fontenay-sous-Bois, résolvant les problèmes d'orientation et de localisation.",0.25,0.7358,0.4858
185,"Demande de renseignement sur le temps d'attente pour le bus 325 à Bibliothèque F.Mitterand. Trafic très perturbé, patienter encore au minimum 15 minutes.","Un client appelle pour s'informer sur le retard du bus 325, l'agent confirme le retard dû à un trafic perturbé et un nombre limité de bus.",0.2264,0.7121,0.4857
129,Demande d'information sur la reconduction de la grève sur le RER B. Aucune information disponible.,"Un client frustré par la grève du RER B demande des informations et un éventuel remboursement, mais l'agent ne peut fournir de détails précis.",0.2667,0.7518,0.4852
87,Demande d'étude d'itinéraire. Communication des différentes possibilités et du nombre d'arrêts.,Un client demande des itinéraires de transport entre Aulnay-sous-Bois et Blanc-Mesnil. L'agent propose des options de bus et de RER.,0.2326,0.7161,0.4835
22,Demande de renseignements sur le fonctionnement du T2 de la porte de Versailles à Val d'Issy. Communication des dates de mise en circulation.,"Client s'informe sur le T+deux à Porte+de+Versailles. Agent confirme qu'il est en test, accessible après le 20 du mois. Problème résolu.",0.2353,0.7164,0.4811
106,"itinéraire Gare de l'Est vers aéroport CDG demain matin, bus préférable au RER du fait de la grève, indication horaires, temps de trajet et tarif","Un client demande des informations sur le trajet en bus 350 de la Gare de l'Est à l'aéroport Charles de Gaulle, l'agent fournit les détails nécessaires.",0.2258,0.7054,0.4796
109,"temps de trajet sur ligne 65 à une heure donnée sachant qu'il y a des travaux, contact centre bus, non aucun problème au départ mais déviations donc prévoir un peu plus de temps. Proposition d'alternative en métro, mais trop de changements, puis examen du trajet à pied pour finir","Un client s'inquiète du temps de trajet en bus d'Aubervilliers à Saint-Claude en raison de travaux. Après discussion, il décide de partir plus tôt.",0.1882,0.6676,0.4793
24,"demande de précisions sur les possibles compensations suite à la grève du RER B, pas de position officielle, rappeler dans quelques semaines","Un client demande des informations sur la compensation suite à des grèves perturbant ses voyages, mais l'agent ne peut fournir de détails concrets.",0.25,0.7282,0.4782
189,"itinéraire de Clamart à l'aéroport d'Orly, confrontation des propositions du conseiller avec les indications d'un plan de Clamart, une solution bus Ratp suivi de Car Air-France est retenue pour une arrivée à l'heure désirée. Remarque : le conseiller est en fait M10",Un client cherche le meilleur itinéraire pour aller à l'aéroport d'Orly depuis Clamart. L'agent propose une solution simple et satisfaisante.,0.274,0.7514,0.4774
197,"réappel pour portefeuille perdu dans ligne 4, revérification, toujours pas retrouvé","Un client a signalé la perte de son portefeuille dans le métro à un agent de centre d'appel, mais il n'a pas été retrouvé.",0.2051,0.6817,0.4766
44,Demande du numéro de d'infraction suite à une amende. Transfert de l'appelante vers le service concerné.,Un client cherche le numéro d'infraction d'une amende non reçue. L'appel est transféré au centre de paiement RATP sans résolution finale.,0.3043,0.7805,0.4762
134,La cliente a oublié son écharpe dans le bus 140 à  Colombes le soir précédent. L'agent répond que le service n'est pas ouvert avant 11h.,Une femme a oublié son écharpe dans un bus et doit rappeler plus tard pour résoudre son problème.,0.2857,0.7618,0.476
120,"suivi d'une demande de carte famille d'agent pour le fils de l'appelant, qui n'a pas encore eu de réponse, tentative de transfert directement au service concerné mais poste occupé, proposition de rappeler plus tard",Un client contacte le service client pour connaître l'état de sa demande de carte de transport. L'agent ne peut pas aider immédiatement et suggère de rappeler plus tard.,0.2778,0.7534,0.4757
0,Demande d’horaires de train de la gare de Maux à la gare de l'Est à une heure donnée.,"Un client a demandé les horaires des trains RER E de Meaux à Paris, l'agent a fourni les informations nécessaires.",0.25,0.7252,0.4752
172,"La client demande un itinéraire de Javel à  rue Vauthier, Boulogne sans prendre le métro. L'agent répond qu'il faut prendre le 72 à  l'arrêt Pont de Mirabeau direction Saint-Cloud, puis descendre à  Route de la Reine-Jean Jaures.","Un client demande comment se rendre à Boulogne-Billancourt depuis la station Javel sans métro. L'agent suggère le bus 72, résolvant le problème.",0.2857,0.7599,0.4741
33,demande du coût de l'appel au 3246 et remarque que cela devrait être signalé dans le message d'accueil,Un client se plaint du coût non indiqué des appels vers le centre d'appel. L'agent promet de signaler le problème.,0.2667,0.7404,0.4737
72,"modalités d'achat, et non tarifs, pour voyage scolaire de 4 jours en forfait Paris visite, pas possible de réserver, il faut les acheter sur place",Un groupe scolaire prévoit un voyage à Paris et l'agent RATP conseille d'acheter les tickets et cartes Paris+Visite sur place.,0.2353,0.7087,0.4734
204,"prix d'un abonnement mensuel ou annuel pour Paris-Creil, indication numéro SNCF car on sort du secteur RATP",Un client demande le tarif d'un abonnement de train Paris-Creil. L'agent ne peut fournir l'information et suggère de contacter la SNCF directement.,0.2553,0.7282,0.4729
182,"peut-on faire sauter un PV infligé pour défaut de titre de transport ayant oublié son pass navigo, oui aller rue Béliard ou par courrier envoyer PV et photocopie du pass. Echange assez tendu",Un client conteste une amende RATP pour sa collègue ayant perdu sa carte Navigo. L'agent propose de discuter l'amende au bureau RATP ou par courrier.,0.2188,0.6912,0.4724
195,Demande de renseignements sur d'éventuels incidents sur les lignes 13 et 6. Explication des différents incidents et communication des durées de perturbation.,"Un client a appelé pour confirmer des incidents sur les lignes 13 et 6 du métro, nécessaires pour justifier ses absences au travail. Problème résolu.",0.2593,0.7315,0.4723
18,"Demande d'informations sur la perte d'un sac à dos dans le métro sur la ligne A. Non retrouvé, communication du numéro de la SNCF",Un client a oublié son sac à dos dans un RER A. L'agent n'a pas trouvé le sac dans leur système et a orienté le client vers la SNCF.,0.2759,0.7476,0.4717
45,"temps d'attente pour le bus 325 à Bibliothèque F.Mitterrand car déjà 30mn, normal car très perturbé seulement 2 bus sur cette ligne, contact centre bus, prochain bus dans un bon quart d'heure","Un client appelle pour s'informer sur le retard du bus 325, l'agent confirme le retard dû à un trafic perturbé et un nombre limité de bus.",0.2188,0.6895,0.4707
36,"itinéraire bus et/ou RER d'Aulnay-sous-Bois au Blanc-Mesnil le matin puis retour après-midi, examen de multiples possibilités",Un client demande des itinéraires de transport entre Aulnay-sous-Bois et Blanc-Mesnil. L'agent propose des options de bus et de RER.,0.32,0.7879,0.4679
162,itinéraire pour vérifier la station bus où descendre pour arriver à une adresse donnée à Vitry,"Un client cherche la station de bus la plus proche de la rue Jules Regnault à Vitry-sur-Seine, qui est Grimau-Voie Verte.",0.2,0.6676,0.4676
152,"itinéraire dans Paris centre d'une adresse à l'autre pour arriver demain à 6h, proposition de trajet à base de Noctiliens étant donné l'horaire",Un client a demandé un itinéraire de Paris 19ème à Port-Royal. L'agent a fourni des instructions détaillées pour le trajet nocturne. Problème résolu.,0.2222,0.6894,0.4672
141,"La cliente veut connaître le trafic sur le RER B et n'est pas satisfaite des annonces de la RATP. L'agent ne peut pas la renseigner, mais lui conseille de rappeler 15 minutes avant son départ pour connaître l'emplacement de son train en temps réel.","Un client frustré par l'inexactitude des informations de trafic du RER B appelle pour des clarifications, mais l'agent ne peut pas résoudre le problème.",0.2785,0.7451,0.4666
1,"Demande d'annulation d'une amende reçu pour défaut de titre de transport après oublie de carte navigo. Possibilité, se rendre rue Béliard ou correspondre par courrier une photocopie du PV et du pass.",Un client conteste une amende RATP pour sa collègue ayant perdu sa carte Navigo. L'agent propose de discuter l'amende au bureau RATP ou par courrier.,0.2424,0.7084,0.466
210,Demande de renseignements sur la perte d'un téléphone portable Alcatel Blanc sur la ligne de bus 20. Non retrouvé.,"Un client a appelé pour retrouver son téléphone Alcatel perdu dans un bus, mais l'agent n'a pas pu le localiser. Problème non résolu.",0.2745,0.7385,0.464
7,"pour obtenir une attestation d'abonnement Intégrale en vue d'être remboursé par l'employeur, soit directement en agence commerciale, ou appeler le numéro d'Intégrale","Le client demande une attestation d'abonnement pour remboursement par son employeur. L'agent propose deux solutions, le client choisit d'appeler un numéro spécifique.",0.3214,0.7812,0.4598
31,Demande de renseignements suite à un mauvais prélèvement de carte imaginaire. Communication du numéro du service concerné.,"Un client a appelé pour un prélèvement incorrect sur son abonnement Imagine+R, l'agent l'a orienté vers le service concerné pour résolution.",0.2609,0.7202,0.4593
164,"itinéraire gare Saint-Lazare vers Gare de l'Est en bus, tarif et fréquence, ainsi que trajet retour, proposition d'un trajet direct","Un client a demandé des informations sur le trajet en bus de la Gare Saint-Lazare à la Gare de l'Est à Paris, l'agent a fourni les détails nécessaires.",0.2857,0.7446,0.4589
91,Demande d'information sur le renouvellement d'une carte retraité RATP à cause de l'ancienneté de la carte. Explication du fonctionnement de ladite carte.,Une femme âgée appelle pour comprendre le renouvellement de sa carte de transport RATP. L'agent explique la différence entre la carte de transport et la carte d'agent retraité.,0.3214,0.78,0.4586
92,"réclamation suite à réception d'un courrier demandant le paiement d'une partie de l'amende alors qu'elle était reconnue comme injustifié car conséquent à un problème de renouvellement du navigo, transfert au centre de paiement","Une cliente conteste une amende de bus due à un problème de passe Navigo, malgré l'envoi de justificatifs. Elle est redirigée vers le service de paiement.",0.2687,0.7265,0.4579
41,demande d'itinéraire métro,"Un client a demandé des directions pour se rendre à Paris, l'agent a suggéré la ligne 2 du métro, résolvant l'appel.",0.1935,0.6508,0.4573
133,"reconduction de la grève RER B, on ne sait pas, 3 trains sur 4 ne paraît pas non plus le cas, y aura-t-il compensation, probablement, suivi de considérations historiques sur la dégradation du service de cette ligne","Un client frustré par la grève du RER B demande des informations et un éventuel remboursement, mais l'agent ne peut fournir de détails précis.",0.2254,0.682,0.4566
178,Demande de localisation de la station de métro Bourse. Communication des stations voisines.,"Un client demande des informations sur la ligne de métro desservant la station Bourse et les connexions avec d'autres lignes, l'agent répond à ses questions.",0.2857,0.7422,0.4565
149,"carte émeraude avalée, demande de nouvelles car courrier envoyé pour réclamation, conseil attendre encore une semaine",Un ancien combattant a perdu sa carte Émeraude RATP. L'agent l'a conseillé sur le processus de réclamation et les prochaines étapes à suivre.,0.2326,0.6888,0.4563
64,"temps de trajet RER B de Croix-de-Berny à l'aéroport CDG, indication des horaires en temps normal mais dépendra demain de la reconduction du mouvement social, rappeler vers 20h pour vérifier","Un client demande des informations sur un trajet en RER. L'agent fournit les détails, mentionne une grève potentielle et conseille de vérifier plus tard.",0.2222,0.6783,0.456
80,"sac oublié dans bus 140, mais rappeler à onze heures quand le service sera ouvert",Une femme a oublié son écharpe dans un bus et doit rappeler plus tard pour résoudre son problème.,0.2353,0.6904,0.4551
13,"titre de transport adapté pour un demandeur d'emploi devant se déplacer sur Paris pendant 8 mois, faire un navigo Orange en agence, par contre pas de réduction particulière pour les chômeurs, indication pièces justificatives, adresse la plus proche, possible le faire en ligne mais beaucoup plus long",Un demandeur d'emploi en formation se renseigne sur un tarif de transport adapté. L'agent propose le passe Navigo Orange et explique les conditions d'obtention.,0.25,0.7045,0.4545
187,"carte oubliée à la caisse, contact avec bureaux en interne, carte retrouvée ,se présenter munis de pièce d'identité pour la retirer",Un client a perdu sa carte Imagine+R à l'arrêt de métro Richelieu-Drouot. L'agent a confirmé sa récupération et conseillé au client de se présenter avec une pièce d'identité.,0.254,0.7075,0.4535
55,Demande de régularisation suite à un débit d'abonnement alors que la carte n'était pas utilisable. Communication de l'adresse du service concerné pour envoyer une réclamation.,Un client contacte le service client pour résoudre un problème de facturation avec la carte Imagine+R de sa fille. L'agent fournit des conseils pour contacter Imagine+R directement.,0.2581,0.7113,0.4532
82,"trousse perdue il y a un mois dans l'Orlybus, non retrouvée, communication numéro Objets trouvés rue des Morillons car appelante habite à Nice",Un client a perdu une trousse dans un bus. L'agent n'a pas trouvé la trousse et a suggéré de contacter le bureau des objets trouvés.,0.2182,0.6712,0.453
127,Demande d'itinéraire Paris 19 Paris 13 pour arriver à une heure précise. Proposition de trajet à base de Noctiliens.,Un client a demandé un itinéraire de Paris 19ème à Port-Royal. L'agent a fourni des instructions détaillées pour le trajet nocturne. Problème résolu.,0.28,0.7303,0.4503
51,Demande d'information sur la perte d'un porte-feuille dans le métro. Non retrouvé.,"Un client a signalé la perte de son portefeuille dans le métro à un agent de centre d'appel, mais il n'a pas été retrouvé.",0.3333,0.7829,0.4496
15,"rappel pour sac perdu dans métro avec un instrument de musique, l'objet semble retrouvé, vérification de la convergence des descriptions, appel station pour confirmer et indication station à l'appelant pour aller récupérer l'objet","Un client a perdu son sac contenant un hautbois dans le métro. L'agent a localisé le sac à la station Mairie d'Ivry, résolvant le problème.",0.2353,0.6839,0.4486
124,"Demande de renseignement sur le suivi d'une demande de carte d'agent. Service concerné occupé, proposition de rappeler plus tard.",Un client contacte le service client pour connaître l'état de sa demande de carte de transport. L'agent ne peut pas aider immédiatement et suggère de rappeler plus tard.,0.3333,0.7818,0.4485
69,"radiographies et ordonnances perdues dans métro, appelante malentendante, nombreux quiproquos, radios pas retrouvées","Une femme âgée a appelé la RATP pour signaler un sac perdu contenant des documents médicaux importants, mais malheureusement, il n'a pas été retrouvé.",0.1905,0.6383,0.4479
65,"est-il possible d'avoir des réductions sur les titres de transport en tant que femme d'agent Ratp, oui l'agent doit faire la demande, réduction de moitié mais uniquement sur tickets et carnets","Une femme se renseigne sur les réductions de transport liées à l'emploi de son mari à la RATP. L'agent confirme la possibilité, explique la procédure et les restrictions.",0.2647,0.7116,0.4469
192,"demande d'explications sur le système tarifaire des zones, quelles régions recouvrent-elles",Un client s'est renseigné sur les zones des cartes Orange Découverte à Paris. L'agent a expliqué le système de zones et confirmé la mobilité.,0.2381,0.685,0.4469
95,"Demande de tarif pour un abonnement Paris - Creil mensuel ou annuel. Trajet extérieur au réseau RATP, communication du numéro de la SNCF pour voir avec eux.",Un client demande le tarif d'un abonnement de train Paris-Creil. L'agent ne peut fournir l'information et suggère de contacter la SNCF directement.,0.3214,0.7679,0.4465
19,Demande de renseignement sur la perte d'un gant en cuire dans le bus 289. Non retrouvé.,Un client a signalé la perte d'un gant dans un bus. L'agent n'a pas trouvé le gant dans les objets trouvés. Le client a accepté la situation.,0.2917,0.7364,0.4447
100,"infos sur grève ligne bus 486 (pourtant notée 492, vérifier / Atis car), ligne privée, communication du numéro à joindre","Un client cherche des informations sur une grève de bus. L'agent ne sait pas, mais donne le numéro d'Athis Cars pour plus de détails.",0.2308,0.6753,0.4445
146,"fréquence de passage RER, mais pas possible en période de grève","Un représentant du Novotel Paris les Halles demande la fréquence des RER B, mais l'agent ne peut fournir l'information, surtout pendant une grève.",0.2857,0.729,0.4433
43,"sac en toile oublié dans bus 123, contact centre bus, non retrouvé, rappeler demain",Une cliente a perdu son sac dans le bus 123. L'agent n'a pas pu confirmer sa récupération et a conseillé de rappeler plus tard.,0.2381,0.6807,0.4426
21,"y a-t-il eu des incidents sur la ligne 13 et la ligne 6 ce matin, oui une panne matérielle a eu lieu puis un voyageur malade, indication des horaires exacts et stations concernées, ces infos sont-elles accessibles en ligne, oui en temps réel mais pas un historique","Un client a appelé pour confirmer des incidents sur les lignes 13 et 6 du métro, nécessaires pour justifier ses absences au travail. Problème résolu.",0.2195,0.6609,0.4414
203,"La cliente veut recevoir un dossier d'adhésion à  la carte Imagine R. L'agent lui répond que ce n'est pas possible, qu'il faut la demander à  un guichet. Le numéro de téléphone pour joindre le service Imagine R est le 08 91 67 00 67.",Un client a demandé un dossier Imagine+R par courrier. L'agent a expliqué que c'est impossible mais a fourni le numéro du service pour plus d'informations.,0.321,0.7575,0.4366
76,Demande de renseignements sur la fréquence des RER B entre Chätelet et Charles de Gaulle. Impossible de répondre précisément pour cause de grève.,"Un représentant du Novotel Paris les Halles demande la fréquence des RER B, mais l'agent ne peut fournir l'information, surtout pendant une grève.",0.3158,0.7523,0.4365
144,"Demande d'information sur la perte d'un sac dans le métro ligne 7. Retrouvé, se rendre en station pour récupérer.","Un client a perdu son sac contenant un hautbois dans le métro. L'agent a localisé le sac à la station Mairie d'Ivry, résolvant le problème.",0.3019,0.7377,0.4358
143,Demande d'itinéraire et des tarifs entre Noisiel et Bobigny.,Un client a demandé des informations sur l'itinéraire et le tarif de Noisiel à Bobigny-Pablo Picasso. L'agent a fourni les détails et résolu le problème.,0.3333,0.7678,0.4345
161,La cliente vient d'oublier un objet dans le bus 281. L'objet est retrouvé au terminus d'Europarc. La cliente va pouvoir récupérer son objet auprès du machiniste.,Un client a oublié une boîte dans le bus 281. L'agent a localisé l'objet au terminus d'Europarc et a informé le client.,0.4138,0.8473,0.4335
14,"Demande d'information sur une trousse perdue dans le bus d'Orly à Denfert. Non retrouvé, communication du numéro de téléphone du centre des objets trouvés.",Un client a perdu une trousse dans un bus. L'agent n'a pas trouvé la trousse et a suggéré de contacter le bureau des objets trouvés.,0.3103,0.7435,0.4332
56,"itinéraire de Porte de Saint-Cloud à Clichy-sous-Bois, adresse exate d'arrivée inconnue alors itinéraire vers la mairie, proposition d'un trajet métro puis RER puis tramway puis bus","Un client cherche un itinéraire pour Clichy-sous-Bois. L'agent propose un trajet complexe incluant métro, RER, tram et bus. Le client doit encore localiser le théâtre.",0.3385,0.7715,0.4331
169,"Demande d'itinéraire pour se rendre à la gare de Lyon en partant de la mairie de Clichy. Prendre le métro 13 direction Chatillon, descendre à Saint-Lazarre, puis prendre le métro 14 direction Olympiade jusqu'à la gare de Lyon.",Un client cherchant à se rendre de Clichy à la Gare de Lyon reçoit des instructions de métro détaillées de la part d'un agent.,0.2941,0.7218,0.4277
81,"itinéraire Denfert-Rochereau rue d'Assas, proposition bus et précision pour rejoindre la rue à pied",Un agent guide un client de Denfert-Rochereau à la rue d'Assas à Paris en utilisant le bus 68 et donne des instructions de marche détaillées.,0.3182,0.7456,0.4274
40,"Demande de mise en contact avec le musée des transport. Communication du numéro de téléphone, mais pas de réponse, ni par mail.","Un agent RATP peine à contacter le musée des transports. Malgré les suggestions du service client, aucune solution définitive n'est trouvée.",0.2745,0.7015,0.427
170,"Demande d'horaires des trains pour Sartrouville à Bécon-les-Bruyères. Autre itinéraire possible, mais appeler la SNCF pour plus d'informations, communication du numéro.",Le client demande les horaires de train Sartrouville-Bécon-les-Bruyères. L'agent fournit les informations mais ne peut aider sur l'itinéraire depuis Houilles-Carrières.,0.3793,0.8062,0.4269
98,"longue attente du bus 125, sachant qu'il n'y en a que deux en tout du fait de la grève, demande du prochain passage, contact centre bus, indication prochain dans dix minutes","Un client s'inquiète de l'absence du bus 125, l'agent confirme une grève mais assure qu'un bus arrivera dans dix minutes.",0.3,0.7268,0.4268
117,prix d'un ticket Arcueil-Cachan vers Antony,"Un client demande le prix d'un billet de train d'Arcueil-Cachan à Antony, l'agent répond que c'est un euro cinquante-cinq.",0.3636,0.79,0.4263
108,"boîte oubliée dans bus 281 à l'instant, contact régulateur, appel aux machinistes, la boîte est bien encore dans le bus et l'appelante pourra le récupérer au terminus en prenant le bus 281 qui suit",Un client a oublié une boîte dans le bus 281. L'agent a localisé l'objet au terminus d'Europarc et a informé le client.,0.2985,0.7219,0.4234
113,Demande de renseignements sur les tarifs de cartes intégrales en fonction des zones de voyage.,"Un client a besoin d'aide pour mettre à jour les tarifs de carte Intégrale dans son logiciel de paye, l'agent explique les changements de zones.",0.3256,0.7469,0.4213
118,"comment obtenir une nouvelle attestation de paiement navigo, aller en agence",Une jeune travailleuse perd son reçu de paiement Navigo. L'agent de la mission locale conseille d'obtenir un duplicata à une agence commerciale. Problème résolu.,0.2564,0.6775,0.4211
6,"demande itinéraire le plus rapide pour Clichy-Gare de Lyon, proposition métro",Un client cherchant à se rendre de Clichy à la Gare de Lyon reçoit des instructions de métro détaillées de la part d'un agent.,0.2927,0.7129,0.4202
128,La cliente voudrait savoir comment suspendre sa carte Navigo Intégrale. L'agent lui dit de se rendre dans une agence commerciale avec une pièce d'identité et son pass.,"Un client a appelé pour résilier sa carte Navigo Intégrale, l'agent l'a guidé à travers le processus et a résolu son problème.",0.3448,0.7634,0.4186
26,"Demande de renseignements sur l'oublie d'un sac en toile dans le bus 123. Non retrouvé, rappeler plus tard.",Une cliente a perdu son sac dans le bus 123. L'agent n'a pas pu confirmer sa récupération et a conseillé de rappeler plus tard.,0.3333,0.7474,0.4141
191,"sac à dos perdu dans RER A, pas trouvé, communication numéro Sncf banlieue le train ayant continué hors du périmètre Ratp",Un client a oublié son sac à dos dans un RER A. L'agent n'a pas trouvé le sac dans leur système et a orienté le client vers la SNCF.,0.2963,0.7087,0.4124
12,"possibilité de se faire rembourser un billet Orlyval payé à Orly étant donné qu'en période de grève les agents ne font pas payer, mais qu'apparemment à Orly ils le font encore, indication des coordonnées du service clientèle Orlyval pour essayer",Une cliente mécontente demande un remboursement pour un trajet Orlyval interrompu par une grève. L'agent l'oriente vers le Service Clientèle pour réclamation.,0.3056,0.7157,0.4101
66,Demande du coût d'un appel vers le 3246. Signalement de l'absence d'information dans le message d'accueil.,Un client se plaint du coût non indiqué des appels vers le centre d'appel. L'agent promet de signaler le problème.,0.3556,0.7654,0.4098
48,"itinéraire et tarif Noisiel-Bobigny, et expression de satisfaction pour la rapidité de la réponse",Un client a demandé des informations sur l'itinéraire et le tarif de Noisiel à Bobigny-Pablo Picasso. L'agent a fourni les détails et résolu le problème.,0.3333,0.7422,0.4089
139,Demande d'itinéraire pour se rendre rue Taclet en prenant le 105.,Un retraité de la RATP a demandé comment se rendre à la rue Taclet à Paris en bus. L'agent lui a fourni des instructions détaillées.,0.3077,0.7164,0.4087
177,"pour signaler que le bus 294 est passé devant l'arrêt sans s'arrêter, alors que l'appelante a fait signe et que le bus était bien en service car transportant des voyageurs, remontée de l'information au régulateur de la ligne","Un client signale qu'un bus n'a pas marqué l'arrêt, causant un retard. L'agent promet de signaler l'incident au régulateur de la ligne.",0.3733,0.7809,0.4076
205,La cliente demande à  recevoir un dossier pour adhérer à  la carte Imagine R. Les dossiers doivent être retirés au guichet. Le numéro de téléphone du service est le 08 91 67 00 67.,Un client a demandé un dossier Imagine+R par courrier. L'agent a expliqué que c'est impossible mais a fourni le numéro du service pour plus d'informations.,0.3284,0.7349,0.4065
70,"Demande de remboursement d'une carte orange achetée en attendant la réception d'une carte Imagin'R. Voir avec le service Imagin'R, communication du site internet.",Un client cherche un remboursement pour une carte Orange achetée suite au retard de sa carte Imagine+R. L'agent suggère de contacter Imagine+R pour une solution.,0.3729,0.775,0.4022
23,"horaire derniers trains de Sartrouville à Bécon-les-Bruyères, autre itinéraire possible mais appeler la Sncf, indication du numéro",Le client demande les horaires de train Sartrouville-Bécon-les-Bruyères. L'agent fournit les informations mais ne peut aider sur l'itinéraire depuis Houilles-Carrières.,0.3846,0.7857,0.4011
174,"la grève du dépôt de bus de Vitry est-elle reconduite demain, non un trafic normal est prévu","Client s'informe sur la grève des bus à Vitry-sur-Seine, l'agent confirme le trafic normal. Problème résolu.",0.3182,0.7171,0.3989
159,"agent RATP désirant contacter le musée des transports, indication numéro mais celui-ci ne répond pas, idem mail et pas de réponse, le SCD n'a pas l'information","Un agent RATP peine à contacter le musée des transports. Malgré les suggestions du service client, aucune solution définitive n'est trouvée.",0.3103,0.7084,0.3981
104,"justificatifs à fournir pour obtenir une carte Orange dans le cadre d'un stage, une attestation d'hébergement et la copie de la CNI de l'hébergeur suffisent pour attester du domicile","Un stagiaire à Paris a été informé sur les documents nécessaires pour obtenir une carte Orange, y compris une attestation d'hébergement. Problème résolu lors du premier appel.",0.3438,0.7417,0.398
47,savoir si deux lignes de bus sont en fonction suite à grève,Une femme âgée s'informe sur le fonctionnement de deux lignes de bus en raison d'une possible grève. L'agent confirme leur fonctionnement normal.,0.359,0.7521,0.3931
114,La cliente a perdu sa carte Navigo Solidarité Transport sur le bus 113 en direction de Nogent-sur-Marne. L'agent l'informe que sa carte a été retrouvée et qu'elle doit la chercher au terminus du bus.,Un client a perdu sa carte de transport. L'agent a localisé la carte et a informé le client qu'il peut la récupérer à un terminus de bus spécifique.,0.3889,0.781,0.3921
158,Demande de renseignements sur la fréquence de passage du RER B. Impossible de donner l'information pour cause de grève.,"Un représentant du Novotel Paris les Halles demande la fréquence des RER B, mais l'agent ne peut fournir l'information, surtout pendant une grève.",0.4,0.7895,0.3895
165,horaires RER E de Meaux à la Gare de l'Est,"Un client a demandé les horaires des trains RER E de Meaux à Paris, l'agent a fourni les informations nécessaires.",0.3871,0.768,0.3809
112,"Demande d'itinéraire entre la gare de l'Est et l'aéroport Charles de Gaulle. Prendre le 350, étude des durées de voyage et des tarifs.","Un client demande des informations sur le trajet en bus 350 de la Gare de l'Est à l'aéroport Charles de Gaulle, l'agent fournit les détails nécessaires.",0.4,0.7769,0.3769
131,Demande du dernier passage du bus 64 à cours de Vincennes pour porte d'Italie.,"Le client se renseigne sur l'horaire du dernier bus 64 de Porte de Vincennes à Place d'Italie, l'agent confirme qu'il part à 00h36.",0.4103,0.7859,0.3757
126,Demande de renseignement sur la perte d'une écharpe dans le bus 140. Attendre l'ouverture du service et rappeler plus tard.,Une femme a oublié son écharpe dans un bus et doit rappeler plus tard pour résoudre son problème.,0.381,0.7535,0.3725
35,perdu téléphone > mais pas retrouvé,"Un client a appelé pour retrouver son téléphone Alcatel perdu dans un bus, mais l'agent n'a pas pu le localiser. Problème non résolu.",0.2778,0.6445,0.3668
206,itinéraire en bus à Fontenay-sous-Bois,"L'agent aide le client à trouver l'itinéraire de bus approprié à Fontenay-sous-Bois, résolvant les problèmes d'orientation et de localisation.",0.375,0.741,0.366
93,"localisation de l'arrêt Gare du Nord du bus 43 pour aller à Neuilly, indication de la rue et de celle d'en face","Le client cherche l'arrêt de bus ligne 43 à la Gare du Nord; l'agent indique qu'il est sur la rue de Dunkerque, face à la rue Saint-Quentin.",0.3704,0.7354,0.365
151,horaire de fin de service du bus 64 pour le trajet de Cours de Vincennes à Porte d'Italie,"Le client se renseigne sur l'horaire du dernier bus 64 de Porte de Vincennes à Place d'Italie, l'agent confirme qu'il part à 00h36.",0.4186,0.7803,0.3617
88,Demande d'informations sur d'éventuelles grèves sur les lignes 148 et 322. Aucun avis de grève déposé.,Un client handicapé s'enquiert des grèves affectant les lignes de bus 148 et 322. L'agent confirme qu'aucune grève n'est prévue.,0.4167,0.7748,0.3581
53,Appel pour signaler que le bus 294 est passé devant l'arrêt sans s'arrêter. Notification de l'information au régulateur de la ligne.,"Un client signale qu'un bus n'a pas marqué l'arrêt, causant un retard. L'agent promet de signaler l'incident au régulateur de la ligne.",0.4643,0.8129,0.3486
60,Demande de la localisation du l'arrêt du bus 43 pour aller de gare du Nord à Neuilly. Communication de la rue concernée.,"Le client cherche l'arrêt de bus ligne 43 à la Gare du Nord; l'agent indique qu'il est sur la rue de Dunkerque, face à la rue Saint-Quentin.",0.4074,0.7557,0.3483
154,Demande de renseignements sur la perte d'un dossier d'inscription de la fac dans le bus 38. Non retrouvé.,"Un client a signalé la perte d'un dossier d'inscription universitaire dans un bus, mais l'agent n'a pas pu le retrouver lors de l'appel.",0.4167,0.7618,0.3451
86,Demande du prix d'un billet Arcueil-Cachan à Antony.,"Un client demande le prix d'un billet de train d'Arcueil-Cachan à Antony, l'agent répond que c'est un euro cinquante-cinq.",0.4706,0.8122,0.3416
50,Demande de renseignements sur la perte d'un dossier d'inscription dans le bus 38. Non retrouvé.,"Un client a signalé la perte d'un dossier d'inscription universitaire dans un bus, mais l'agent n'a pas pu le retrouver lors de l'appel.",0.4444,0.7747,0.3303
194,Demande d'itinéraire entre Massy et Colombe en évitant le RER B. Estimation du temps de trajet.,"Un client cherchant un itinéraire de Massy à Colombes a reçu une alternative évitant le RER B en grève, avec un temps de trajet estimé à 2h15.",0.4783,0.7896,0.3113
37,Demande d'information sur la reconduction de la grève au niveau des bus. Trafic normal prévu.,"Client s'informe sur la grève des bus à Vitry-sur-Seine, l'agent confirme le trafic normal. Problème résolu.",0.45,0.7592,0.3092
115,"association désirant effectuer une commande groupée, pas possible de télécharger un bon de commande donc transfert à un chargé clientèle pour créer un compte VGC",Un client non enregistré cherche à passer une grande commande de billets. L'agent le dirige vers un chargé de clientèle pour l'aider à créer un compte.,0.4483,0.7495,0.3013
148,Un agent de la station Saint-Paul veut savoir quel est l'abonnement d'un voyageur avec une carte Imagine R muette. L'agent lui répond que le voyageur est titulaire d'un Imagine R étudiant zone 1 à 2. L'agent de la station Saint-Paul doit appliquer la procédure pour un pass détérioré.,Un agent de la station Saint-Paul signale une carte Imagine+R défectueuse. L'agent du centre d'appel confirme l'échange possible selon la procédure pour passe détérioré.,0.5055,0.8055,0.3
202,"y a-t-il des grèves surprise sur les bus 148 ou 322, non aucun avis de grève",Un client handicapé s'enquiert des grèves affectant les lignes de bus 148 et 322. L'agent confirme qu'aucune grève n'est prévue.,0.4255,0.7251,0.2995
173,"sur quelle ligne de métro se trouve la station Bourse, et stations avoisinantes","Un client demande des informations sur la ligne de métro desservant la station Bourse et les connexions avec d'autres lignes, l'agent répond à ses questions.",0.4286,0.7171,0.2886
17,itinéraire Massy Colombes en évitant de prendre le RER B et estimation temps de trajet,"Un client cherchant un itinéraire de Massy à Colombes a reçu une alternative évitant le RER B en grève, avec un temps de trajet estimé à 2h15.",0.5,0.7655,0.2655
179,Signalement des problèmes d'horaires sur la ligne de bus 267. Difficulté à joindre le centrebus. Communication de l'adresse pour envoyer un courrier.,"Un client signale des problèmes d'horaires sur la ligne de bus 267, affectant les usagers. Malgré des tentatives, le problème reste non résolu.",0.5098,0.7594,0.2496
67,Demande de remboursement de tickets achetés suite à l'oubli d'une carte intégrale. Aucun remboursement prévu dans cette situation.,Une cliente demande le remboursement de tickets de métro achetés suite à l'oubli de sa carte Intégrale. L'agent informe qu'aucun remboursement n'est prévu.,0.6154,0.8428,0.2274
78,"demande de remboursement de tickets achetés suite à l'oubli de la carte Navigo Intégrale, malheureusement le remboursement dans ce cas n'est pas prévu",Une cliente demande le remboursement de tickets de métro achetés suite à l'oubli de sa carte Intégrale. L'agent informe qu'aucun remboursement n'est prévu.,0.6316,0.832,0.2004
